player_id,Player
1,AC Green
2,AJ Guyton
3,Aaron McKie
4,Aaron Williams
5,Adam Keefe
6,Ademola Okulaja
7,Adonal Foyle
8,Adrian Griffin
9,Al Harrington
10,Alan Henderson
11,Aleksandar Radojevic
12,Allan Houston
13,Allen Iverson
14,Alonzo Mourning
15,Alvin Williams
16,Andrae Patterson
17,Andre Miller
18,Andrew DeClercq
19,Anfernee Hardaway
20,Ansu Sesay
21,Antawn Jamison
22,Anthony Carter
23,Anthony Johnson
24,Anthony Mason
25,Anthony Miller
26,Anthony Peeler
27,Antoine Walker
28,Antonio Daniels
29,Antonio Davis
30,Antonio Harvey
31,Antonio McDyess
32,Arvydas Sabonis
33,Austin Croshere
34,Avery Johnson
35,Baron Davis
36,Ben Wallace
37,Bill Curley
38,Billy Owens
39,Bimbo Coles
40,Bo Outlaw
41,Bob Sura
42,Bobby Jackson
43,Bobby Phills
44,Bonzi Wells
45,Brad Miller
46,Brent Barry
47,Brent Price
48,Brevin Knight
49,Brian Cardinal
50,Brian Grant
51,Brian Shaw
52,Brian Skinner
53,Bruce Bowen
54,Bruno Sundov
55,Bryant Reeves
56,Bryant Stith
57,Bryce Drew
58,Bryon Russell
59,Cal Bowdler
60,Calbert Cheaney
61,Calvin Booth
62,Carlos Rogers
63,Cedric Ceballos
64,Cedric Henderson
65,Charles Oakley
66,Charlie Ward
67,Chauncey Billups
68,Cherokee Parks
69,Chris Carr
70,Chris Carrawell
71,Chris Childs
72,Chris Crawford
73,Chris Dudley
74,Chris Gatling
75,Chris Herren
76,Chris Mihm
77,Chris Mills
78,Chris Mullin
79,Chris Porter
80,Chris Webber
81,Chris Whitney
82,Christian Laettner
83,Chuck Person
84,Chucky Atkins
85,Clarence Weatherspoon
86,Clifford Robinson
87,Corey Benjamin
88,Corey Maggette
89,Corie Blount
90,Corliss Williamson
91,Cory Alexander
92,Courtney Alexander
93,Cuttino Mobley
94,Dale Davis
95,Dale Ellis
96,Dalibor Bagaric
97,Damon Jones
98,Damon Stoudamire
99,Dan Langhi
100,Dan Majerle
101,Dana Barros
102,Daniel Santiago
103,Danny Ferry
104,Danny Fortson
105,Danny Manning
106,Darius Miles
107,Darrell Armstrong
108,Darrick Martin
109,Darvin Ham
110,David Benoit
111,David Robinson
112,David Wesley
113,David Wingate
114,DeShawn Stevenson
115,Dean Garrett
116,Dee Brown
117,Dell Curry
118,Dennis Scott
119,DerMarr Johnson
120,Derek Anderson
121,Derek Fisher
122,Derek Strong
123,Derrick Coleman
124,Derrick Dial
125,Derrick McKey
126,Desmond Mason
127,Detlef Schrempf
128,Devean George
129,Dikembe Mutombo
130,Dion Glover
131,Dirk Nowitzki
132,Don MacLean
133,Don Reid
134,Donnell Harvey
135,Donyell Marshall
136,Doug Christie
137,Doug Overton
138,Doug West
139,Dragan Tarlac
140,Duane Causwell
141,Earl Boykins
142,Eddie House
143,Eddie Jones
144,Eddie Robinson
145,Eduardo Najera
146,Elden Campbell
147,Eldridge Recasner
148,Elliot Perry
149,Elton Brand
150,Emanual Davis
151,Eric Montross
152,Eric Murdock
153,Eric Piatkowski
154,Eric Snow
155,Eric Williams
156,Erick Barkley
157,Erick Dampier
158,Erick Strickland
159,Ervin Johnson
160,Etan Thomas
161,Etdrick Bohannon
162,Evan Eschmeyer
163,Felipe Lopez
164,Felton Spencer
165,Fred Hoiberg
166,Garth Joseph
167,Gary Grant
168,Gary Payton
169,Gary Trent
170,George Lynch
171,George McCloud
172,Gerard King
173,Glen Rice
174,Glenn Robinson
175,Grant Hill
176,Grant Long
177,Greg Anthony
178,Greg Buckner
179,Greg Foster
180,Greg Minor
181,Greg Ostertag
182,Hakeem Olajuwon
183,Hanno Mottola
184,Hersey Hawkins
185,Hidayet Turkoglu
186,Horace Grant
187,Howard Eisley
188,Hubert Davis
189,Iakovos Tsakalidis
190,Ira Newble
191,Isaac Austin
192,Isaiah Rider
193,JR Reid
194,Jabari Smith Sr
195,Jacque Vaughn
196,Jahidi White
197,Jake Voskuhl
198,Jalen Rose
199,Jamaal Magloire
200,Jamal Crawford
201,Jamal Mashburn
202,Jamal Robinson
203,James Posey
204,James Robinson
205,Jamie Feick
206,Jaren Jackson Jr
207,Jason Caffey
208,Jason Collier
209,Jason Hart
210,Jason Kidd
211,Jason Terry
212,Jason Williams
213,Jayson Williams
214,Jeff Foster
215,Jeff McInnis
216,Jelani McCoy
217,Jermaine Jackson
218,Jermaine ONeal
219,Jerome Kersey
220,Jerome Moiso
221,Jerome Williams
222,Jerry Stackhouse
223,Jim Jackson
224,Jim McIlvaine
225,Joe Kleine
226,Joe Smith
227,Joel Przybilla
228,John Amaechi
229,John Crotty
230,John Starks
231,John Stockton
232,John Wallace
233,John Williams
234,Johnny Newman
235,Jon Barry
236,Jonathan Bender
237,Jonathan Kerner
238,Jud Buechler
239,Jumaine Jones
240,Juwan Howard
241,Karl Malone
242,Keith Closs
243,Keith Van Horn
244,Kelvin Cato
245,Kendall Gill
246,Kenny Anderson
247,Kenny Thomas
248,Kenyon Martin
249,Keon Clark
250,Kerry Kittles
251,Kevin Edwards
252,Kevin Garnett
253,Kevin Ollie
254,Kevin Willis
255,Keyon Dooling
256,Khalid ElAmin
257,Kobe Bryant
258,Kornel David
259,Kurt Thomas
260,LaPhonso Ellis
261,Lamar Odom
262,Lamond Murray
263,Lari Ketner
264,Laron Profit
265,Larry Hughes
266,Larry Johnson
267,Larry Robinson
268,Latrell Sprewell
269,Lavor Postell
270,Lawrence Funderburke
271,Lazaro Borrell
272,Lee Nailon
273,Leon Smith
274,Lindsey Hunter
275,Lorenzen Wright
276,Lorenzo Williams
277,Loy Vaught
278,Luc Longley
279,Lucious Harris
280,Maceo Baston
281,Mahmoud AbdulRauf
282,Malik Rose
283,Mamadou Ndiaye
284,Marc Jackson
285,Marcus Camby
286,Marcus Fizer
287,Mario Elie
288,Mark Blount
289,Mark Bryant
290,Mark Jackson
291,Mark Karcher
292,Mark Madsen
293,Mark Pope
294,Mark Strickland
295,Mateen Cleaves
296,Matt Bullard
297,Matt Geiger
298,Matt Harpring
299,Matt Maloney
300,Maurice Taylor
301,Metta World Peace
302,Michael Curry
303,Michael Dickerson
304,Michael Doleac
305,Michael Finley
306,Michael Hawkins
307,Michael Olowokandi
308,Michael Redd
309,Michael Ruffin
310,Michael Smith
311,Michael Stewart
312,Mike Bibby
313,Mike Miller
314,Mike Penberthy
315,Mike Smith
316,Mikki Moore
317,Milt Palacio
318,Mirsad Turkcan
319,Mitch Richmond
320,Monty Williams
321,Moochie Norris
322,Mookie Blaylock
323,Morris Peterson
324,Muggsy Bogues
325,Nazr Mohammed
326,Nick Anderson
327,Nick Van Exel
328,Obinna Ekezie
329,Olden Polynice
330,Olumide Oyedeji
331,Othella Harrington
332,Otis Thorpe
333,PJ Brown
334,Pat Garrity
335,Patrick Ewing
336,Paul McPherson
337,Paul Pierce
338,Pepe Sanchez
339,Pervis Ellison
340,Pete Mickeal
341,Popeye Jones
342,Predrag Stojakovic
343,Quentin Richardson
344,Quincy Lewis
345,Radoslav Nesterovic
346,Raef LaFrentz
347,Rafer Alston
348,Randy Brown
349,Rashard Lewis
350,Rasheed Wallace
351,Ray Allen
352,Reggie Miller
353,Reggie Slater
354,Rex Chapman
355,Richard Hamilton
356,Rick Brunson
357,Rick Fox
358,Ricky Davis
359,Robert Horry
360,Robert Pack
361,Robert Traylor
362,Rod Strickland
363,Rodney Buford
364,Rodney Rogers
365,Ron Harper
366,Ron Mercer
367,Roshown McLeod
368,Roy Rogers
369,Ruben Garces
370,Ruben Patterson
371,Ruben Wolkowyski
372,Ryan Bowen
373,Sam Cassell
374,Sam Jacobson
375,Sam Mitchell
376,Sam Perkins
377,Samaki Walker
378,Scot Pollard
379,Scott Padgett
380,Scott Williams
381,Scottie Pippen
382,Sean Elliott
383,Sean Rooks
384,Shammond Williams
385,Shandon Anderson
386,Shaquille ONeal
387,Shareef AbdurRahim
388,Shawn Bradley
389,Shawn Kemp
390,Shawn Marion
391,Shawnelle Scott
392,Sherman Douglas
393,Soumaila Samake
394,Speedy Claxton
395,Stacey Augmon
396,Stanislav Medvedenko
397,Stephen Jackson
398,Stephon Marbury
399,Steve Francis
400,Steve Kerr
401,Steve Nash
402,Steve Smith
403,Stromile Swift
404,Tariq AbdulWahad
405,Terrance Roberson
406,Terrell Brandon
407,Terry Cummings
408,Terry Davis
409,Terry Mills
410,Terry Porter
411,Theo Ratliff
412,Tim Duncan
413,Tim Hardaway
414,Tim James
415,Tim Thomas
416,Todd Day
417,Todd Fuller
418,Todd MacCulloch
419,Tom Gugliotta
420,Tom Hammonds
421,Toni Kukoc
422,Tony Battie
423,Tony Delk
424,Tony Massenburg
425,Torraye Braggs
426,Tracy McGrady
427,Tracy Murray
428,Trajan Langdon
429,Travis Best
430,Travis Knight
431,Troy Hudson
432,Tyrone Corbin
433,Tyrone Hill
434,Tyrone Nesby
435,Tyronn Lue
436,Tyus Edney
437,Vernon Maxwell
438,Vin Baker
439,Vince Carter
440,Vinny Del Negro
441,Vitaly Potapenko
442,Vlade Divac
443,Vladimir Stepania
444,Vonteego Cummings
445,Voshon Lenard
446,Wally Szczerbiak
447,Walt Williams
448,Walter McCarty
449,Wesley Person
450,Will Perdue
451,William Avery
452,William Cunningham
453,Zan Tabak
454,Zendon Hamilton
455,Zydrunas Ilgauskas
456,Alton Ford
457,Alvin Jones
458,Amal McCaskill
459,Andrei Kirilenko
460,Antonis Fotsis
461,Art Long
462,Bobby Simmons
463,Brandon Armstrong
464,Brendan Haywood
465,Brian Scalabrine
466,Carlos Arroyo
467,Charles Smith
468,Charlie Bell
469,Chris Andersen
470,Damone Brown
471,DeSagana Diop
472,Dean Oliver
473,Dickey Simpkins
474,Earl Watson
475,Eddie Griffin
476,Eddy Curry
477,Ernest Brown
478,Gerald Wallace
479,Gilbert Arenas
480,Harold Jamison
481,Jamaal Tinsley
482,Jamison Brewer
483,Jarron Collins
484,Jason Collins
485,Jason Richardson
486,Jeff Trepagnier
487,Jerome James
488,Jeryl Sasser
489,Joe Crispin
490,Joe Johnson
491,Joseph Forte
492,Kedrick Brown
493,Kenny Satterfield
494,Kirk Haston
495,Kwame Brown
496,Loren Woods
497,Malik Allen
498,Maurice Evans
499,Michael Bradley
500,Michael Jordan
501,Mitchell Butler
502,Norm Richardson
503,Omar Cook
504,Oscar Torres
505,Pau Gasol
506,Predrag Drobnjak
507,Primoz Brezec
508,Raja Bell
509,Ratko Varda
510,Richard Jefferson
511,Rodney White
512,Ruben BoumtjeBoumtje
513,Sam Mack
514,Samuel Dalembert
515,Sean Marks
516,Shane Battier
517,Steve Goodrich
518,Steven Hunter
519,Tang Hamilton
520,Terence Morris
521,Tierre Brown
522,Tony Parker
523,Trenton Hassell
524,Troy Murphy
525,Tyson Chandler
526,Victor Alexander
527,Vladimir Radmanovic
528,Wang Zhizhi
529,Willie Solomon
530,Zach Randolph
531,Zeljko Rebraca
532,Adam Harrington
533,Amare Stoudemire
534,Anthony Goldwire
535,Bostjan Nachbar
536,Carlos Boozer
537,Caron Butler
538,Casey Jacobsen
539,Cezary Trybanski
540,Chris Jefferies
541,Chris Owens
542,Chris Wilcox
543,Curtis Borchardt
544,Dajuan Wagner
545,Dan Dickau
546,Dan Gadzuric
547,Devin Brown
548,Drew Gooden
549,Efthimios Rentzias
550,Frank Williams
551,Fred Jones
552,Gordan Giricek
553,Guy Rucker
554,Igor Rakocevic
555,JR Bremer
556,Jamal Sampson
557,Jannero Pargo
558,Jared Jeffries
559,Jay Williams
560,Jiri Welsch
561,John Salmons
562,Juan Dixon
563,Juaquin Hawkins
564,Junior Harrington
565,Kareem Rush
566,Ken Johnson
567,Lonny Baxter
568,Manu Ginobili
569,Marcus Haislip
570,Marko Jaric
571,Mehmet Okur
572,Melvin Ely
573,Mengke Bateer
574,Mike Batiste
575,Mike Dunleavy
576,Mike James
577,Mike Wilks
578,Nate Huffman
579,NenÃª
580,Nikoloz Tskitishvili
581,Pat Burke
582,Paul Shirley
583,Predrag Savovic
584,Qyntel Woods
585,Rasual Butler
586,Raul Lopez
587,Reggie Evans
588,Robert Archibald
589,Roger Mason
590,Ronald Murray
591,Ryan Humphrey
592,Sam Clancy
593,Sean Lampley
594,Smush Parker
595,Tamar Slay
596,Tayshaun Prince
597,Tito Maddox
598,Tremaine Fowlkes
599,Vincent Yarbrough
600,Yao Ming
601,Aleksandar Pavlovic
602,Alex Garcia
603,Ben Davis
604,Ben Handlogten
605,Boris Diaw
606,Brandon Hunter
607,Brian Cook
608,Britton Johnsen
609,Carmelo Anthony
610,Chris Bosh
611,Chris Kaman
612,Dahntay Jones
613,Darius Songaila
614,Darko Milicic
615,David West
616,Dwyane Wade
617,Francisco Elson
618,James Jones
619,Jarvis Hayes
620,Jason Kapono
621,Jerome Beasley
622,Jon Stefansson
623,Josh Howard
624,Josh Moore
625,Kaniel Dickens
626,Keith Bogans
627,Keith McLeod
628,Kendrick Perkins
629,Kirk Hinrich
630,Kyle Korver
631,LeBron James
632,Leandro Barbosa
633,Linton Johnson
634,Luke Ridnour
635,Luke Walton
636,Maciej Lampe
637,Marcus Banks
638,Marquis Daniels
639,Matt Carroll
640,Maurice Williams
641,Mickael Pietrus
642,Mike Sweetney
643,Ndudi Ebi
644,Nick Collison
645,Oliver Miller
646,Paul Grant
647,Reece Gaines
648,Richie Frahm
649,Shane Heal
650,Slavko Vranes
651,Steve Blake
652,TJ Ford
653,Theron Smith
654,Travis Hansen
655,Travis Outlaw
656,Troy Bell
657,Udonis Haslem
658,Willie Green
659,Zarko Cabarkapa
660,Zaza Pachulia
661,Zoran Planinic
662,Al Jefferson
663,Anderson Varejao
664,Andre Barrett
665,Andre Emmett
666,Andre Iguodala
667,Andres Nocioni
668,Andris Biedrins
669,Antonio Burks
670,Arthur Johnson
671,Awvee Storey
672,Ben Gordon
673,Beno Udrih
674,Bernard Robinson
675,Carlos Delfino
676,Chris Duhon
677,Corsley Edwards
678,Damien Wilkins
679,David Harrison
680,Delonte West
681,Devin Harris
682,Didier IlungaMbenga
683,Donta Smith
684,Dorell Wright
685,Dwight Howard
686,Eddie Gill
687,Emeka Okafor
688,Erik Daniels
689,Geno Carlisle
690,Horace Jenkins
691,Ibo Kutluay
692,JR Smith
693,Jackson Vroman
694,Jameer Nelson
695,Jared Reiner
696,John Edwards
697,Josh Childress
698,Josh Davis
699,Josh Smith
700,Justin Reed
701,Kevin Martin
702,Kirk Snyder
703,Kris Humphries
704,Lionel Chalmers
705,Luis Flores
706,Luke Jackson
707,Luol Deng
708,Mario Kasun
709,Matt Barnes
710,Matt Bonner
711,Matt Freije
712,Nenad Krstic
713,Pape Sow
714,Pavel Podkolzin
715,Peter John Ramos
716,Quinton Ross
717,Rafael Araujo
718,Robert Swift
719,Romain Sato
720,Ronald Dupree
721,Royal Ivey
722,Sasha Vujacic
723,Sebastian Telfair
724,Shaun Livingston
725,Tommy Smith
726,Tony Allen
727,Tony Bobbitt
728,Trevor Ariza
729,Viktor Khryapa
730,Yuta Tabuse
731,Aaron Miles
732,Alan Anderson
733,Alex Acker
734,Alex Scales
735,Amir Johnson
736,Andray Blatche
737,Andre Owens
738,Andrew Bogut
739,Andrew Bynum
740,Anthony Roberson
741,Antoine Wright
742,Arvydas Macijauskas
743,Boniface NDong
744,Bracey Wright
745,Brandon Bass
746,CJ Miles
747,Channing Frye
748,Charlie Villanueva
749,Chris Paul
750,Chris Taft
751,Daniel Ewing
752,Danny Granger
753,David Lee
754,Deng Gai
755,Deron Williams
756,Devin Green
757,Dijon Thompson
758,Donell Taylor
759,Dwayne Jones
760,Earl Barron
761,Eddie Basden
762,Ersan Ilyasova
763,Esteban Batista
764,Fabricio Oberto
765,Francisco Garcia
766,Gerald Fitch
767,Gerald Green
768,Ha SeungJin
769,Hakim Warrick
770,Ike Diogu
771,Jackie Butler
772,James Singleton
773,James Thomas
774,Jarrett Jack
775,Jason Maxiell
776,Joey Graham
777,Johan Petro
778,John Lucas
779,John Thomas
780,Jose Calderon
781,Josh Powell
782,Julius Hodge
783,Kevin Burleson
784,Lawrence Roberts
785,Linas Kleiza
786,Louis Williams
787,Luther Head
788,Martell Webster
789,Martynas Andriuskevicius
790,Marvin Williams
791,Matt Walsh
792,Melvin Sanders
793,Monta Ellis
794,Nate Robinson
795,Orien Greene
796,Randy Holcomb
797,Rashad McCants
798,Rawle Marshall
799,Raymond Felton
800,Robert Whaley
801,Ronnie Price
802,Ryan Gomes
803,Salim Stoudamire
804,Sarunas Jasikevicius
805,Sean Banks
806,Sean May
807,Sergey Monya
808,Sharrod Ford
809,Shavlik Randolph
810,Stephen Graham
811,Travis Diener
812,Von Wafer
813,Wayne Simien
814,Yaroslav Korolev
815,Adam Morrison
816,Alexander Johnson
817,Allan Ray
818,Andre Brown
819,Andrea Bargnani
820,Andreas Glyniadakis
821,Anthony Parker
822,Bobby Jones
823,Brandon Roy
824,Brian Chase
825,Cedric Bozeman
826,Cedric Simmons
827,Chris McCray
828,Chris Quinn
829,Chuck Hayes
830,Craig Smith
831,Damir Markota
832,Daniel Gibson
833,Daniel Horton
834,David Noel
835,Desmon Farmer
836,Hassan Adams
837,Hilton Armstrong
838,Ime Udoka
839,Ivan McFarlin
840,JJ Redick
841,James Augustine
842,James Lang
843,James White
844,Jefferson Sobral
845,Jeremy Richardson
846,Jimmie Hunter
847,Jordan Farmar
848,Jorge Garbajosa
849,Jose Juan Barea
850,Josh Boone
851,Justin Williams
852,Kelenna Azubuike
853,Kevin Pittsnogle
854,Kyle Lowry
855,LaMarcus Aldridge
856,Leon Powe
857,Luke Schenscher
858,Lynn Greer
859,Marcus Vinicius
860,Marcus Williams
861,Mardy Collins
862,Maurice Ager
863,Mickael Gelabale
864,Mike Gansey
865,Mike Hall
866,Mile Ilic
867,PJ Tucker
868,Pat Carroll
869,Patrick OBryant
870,Paul Davis
871,Paul Miller
872,Paul Millsap
873,Pops MensahBonsu
874,Quincy Douby
875,Rajon Rondo
876,Randy Foye
877,Renaldo Balkman
878,Renaldo Major
879,Robert Hite
880,Rodney Carney
881,Roger Powell
882,Ronnie Brewer
883,Ronny Turiaf
884,Rudy Gay
885,Ryan Hollins
886,Saer Sene
887,Sergio Rodriguez
888,Shannon Brown
889,Shawne Williams
890,Shelden Williams
891,Solomon Jones
892,Steve Novak
893,Steven Smith
894,Tarence Kinsey
895,Thabo Sefolosha
896,Tyrus Thomas
897,Uros Slokar
898,Vassilis Spanoulis
899,Vincent Grier
900,Walter Herrmann
901,Will Blalock
902,Will Conroy
903,Yakhouba Diawara
904,Aaron Brooks
905,Aaron Gray
906,Acie Law
907,Adam Haluska
908,Al Horford
909,Al Thornton
910,Alando Tucker
911,Arron Afflalo
912,Billy Thomas
913,Brandan Wright
914,Brandon Wallace
915,CJ Watson
916,Carl Landry
917,Cheikh Samb
918,Chris Richard
919,Coby Karl
920,Corey Brewer
921,Courtney Sims
922,DJ Strawberry
923,Daequan Cook
924,Darius Washington
925,Darryl Watkins
926,Demetris Nichols
927,Dominic McGuire
928,Gabe Pruitt
929,Glen Davis
930,Greg Oden
931,Guillermo Diaz
932,Herbert Hill
933,Ian Mahinmi
934,Jamario Moon
935,JamesOn Curry
936,Jared Dudley
937,Jason Smith
938,Javaris Crittenton
939,Jeff Green
940,Jermareo Davidson
941,Joakim Noah
942,Joel Anthony
943,Josh McRoberts
944,Juan Carlos Navarro
945,Julian Wright
946,Keith Langford
947,Kevin Durant
948,Kosta Perovic
949,Kyrylo Fesenko
950,Luis Scola
951,Marcin Gortat
952,Marco Belinelli
953,Mario West
954,Mike Conley
955,Morris Almond
956,Nick Fazekas
957,Nick Young
958,Oleksiy Pecherov
959,Ramon Sessions
960,Randolph Morris
961,Rodney Stuckey
962,Sean Williams
963,Spencer Hawes
964,Stephane Lasme
965,Taurean Green
966,Thaddeus Young
967,Thomas Gardner
968,Wilson Chandler
969,Yi Jianlian
970,Alexis Ajinca
971,Anthony Morrow
972,Anthony Randolph
973,Anthony Tolliver
974,Blake Ahearn
975,Bobby Brown
976,Brandon Rush
977,Brook Lopez
978,Cartier Martin
979,Chris DouglasRoberts
980,Courtney Lee
981,DJ Augustin
982,DJ White
983,Danilo Gallinari
984,Darnell Jackson
985,Darrell Arthur
986,DeAndre Jordan
987,DeMarcus Nelson
988,Derrick Rose
989,Donte Greene
990,Eric Gordon
991,George Hill
992,Goran Dragic
993,Hamed Haddadi
994,Henry Walker
995,JJ Hickson
996,JR Giddens
997,JaVale McGee
998,Jason Thompson
999,Jawad Williams
1000,Jerryd Bayless
1001,Joe Alexander
1002,Joey Dorsey
1003,Kevin Love
1004,Kosta Koufos
1005,Kyle Weaver
1006,Luc Mbah a Moute
1007,Malik Hairston
1008,Marc Gasol
1009,Mario Chalmers
1010,Marreese Speights
1011,Michael Beasley
1012,Mike Taylor
1013,Nathan Jawai
1014,Nicolas Batum
1015,OJ Mayo
1016,Othello Hunter
1017,Richard Hendrix
1018,Rob Kurz
1019,Robin Lopez
1020,Roko Ukic
1021,Roy Hibbert
1022,Rudy Fernandez
1023,Russell Westbrook
1024,Ryan Anderson
1025,Sean Singletary
1026,Sonny Weems
1027,Steven Hill
1028,Sun Yue
1029,Trey Johnson
1030,Walter Sharpe
1031,Will Bynum
1032,AJ Price
1033,Antonio Anderson
1034,Austin Daye
1035,BJ Mullens
1036,Blake Griffin
1037,Brandon Jennings
1038,Cedric Jackson
1039,Chase Budinger
1040,Chris Hunter
1041,DaJuan Summers
1042,Danny Green
1043,Dante Cunningham
1044,Darren Collison
1045,David Andersen
1046,DeJuan Blair
1047,DeMar DeRozan
1048,DeMarre Carroll
1049,Derrick Brown
1050,Earl Clark
1051,Eric Maynor
1052,Garrett Temple
1053,Gerald Henderson
1054,Hasheem Thabeet
1055,James Harden
1056,James Johnson
1057,Jeff Ayres
1058,Jeff Teague
1059,Jermaine Taylor
1060,Jodie Meeks
1061,Jon Brockman
1062,Jonas Jerebko
1063,Jonny Flynn
1064,Jordan Hill
1065,Jrue Holiday
1066,Lester Hudson
1067,Louis Amundson
1068,Marcus Landry
1069,Marcus Thornton
1070,Mike Harris
1071,Omri Casspi
1072,Patrick Mills
1073,Rodrigue Beaubois
1074,Sam Young
1075,Serge Ibaka
1076,Stephen Curry
1077,Sundiata Gaines
1078,Taj Gibson
1079,Taylor Griffin
1080,Terrence Williams
1081,Toney Douglas
1082,Ty Lawson
1083,Tyler Hansbrough
1084,Tyreke Evans
1085,Wayne Ellington
1086,Wesley Matthews
1087,AlFarouq Aminu
1088,Alonzo Gee
1089,Andy Rautins
1090,Armon Johnson
1091,Avery Bradley
1092,Ben Uzoh
1093,Chris Johnson
1094,Christian Eyenga
1095,Cole Aldrich
1096,Craig Brackins
1097,DaSean Butler
1098,Damion James
1099,Daniel Orton
1100,Darington Hobson
1101,DeMarcus Cousins
1102,Derrick Caracter
1103,Derrick Favors
1104,Devin Ebanks
1105,Dexter Pittman
1106,Dominique Jones
1107,Ed Davis
1108,Ekpe Udoh
1109,Elliot Williams
1110,Eric Bledsoe
1111,Evan Turner
1112,Gani Lawal
1113,Garret Siler
1114,Gary Forbes
1115,Gary Neal
1116,Gordon Hayward
1117,Greg Monroe
1118,Greivis Vasquez
1119,Hamady NDiaye
1120,Hassan Whiteside
1121,Ishmael Smith
1122,James Anderson
1123,Jeff Adrien
1124,Jeremy Evans
1125,Jeremy Lin
1126,John Wall
1127,Jordan Crawford
1128,Kevin Seraphin
1129,Lance Stephenson
1130,Landry Fields
1131,Larry Owens
1132,Larry Sanders
1133,Lazar Hayward
1134,Luke Babbitt
1135,Luke Harangody
1136,Manny Harris
1137,Matt Janning
1138,Mustafa Shakur
1139,Nikola Pekovic
1140,Omer Asik
1141,Pape Sy
1142,Patrick Beverley
1143,Patrick Patterson
1144,Paul George
1145,Pooh Jeter
1146,Quincy Pondexter
1147,Reggie Williams
1148,Samardo Samuels
1149,Semih Erden
1150,Sherron Collins
1151,Solomon Alabi
1152,Terrico White
1153,Tiago Splitter
1154,Timofey Mozgov
1155,Trevor Booker
1156,Wesley Johnson
1157,Willie Warren
1158,Xavier Henry
1159,Zabian Dowdell
1160,Alec Burks
1161,Andrew Goudelock
1162,Bismack Biyombo
1163,Brandon Knight
1164,Carldell Johnson
1165,Chandler Parsons
1166,Charles Jenkins
1167,Chris Singleton
1168,Chris Wright
1169,Cory Higgins
1170,Cory Joseph
1171,Courtney Fortson
1172,Darius Morris
1173,DeAndre Liggins
1174,Dennis Horner
1175,Derrick Williams
1176,Donald Sloan
1177,ETwaun Moore
1178,Enes Kanter
1179,Greg Smith
1180,Greg Stiemsma
1181,Gustavo Ayon
1182,Iman Shumpert
1183,Isaiah Thomas
1184,Ivan Johnson
1185,JaJuan Johnson
1186,Jan Vesely
1187,Jeff Foote
1188,Jeremy Pargo
1189,Jeremy Tyler
1190,Jerome Jordan
1191,Jimmer Fredette
1192,Jimmy Butler
1193,Jon Leuer
1194,Jordan Hamilton
1195,Jordan Williams
1196,Josh Harrellson
1197,Josh Selby
1198,Julyan Stone
1199,Justin Harper
1200,Kawhi Leonard
1201,Kemba Walker
1202,Kenneth Faried
1203,Klay Thompson
1204,Kyrie Irving
1205,Lance Thomas
1206,Lavoy Allen
1207,Malcolm Lee
1208,Malcolm Thomas
1209,MarShon Brooks
1210,Marcus Morris
1211,Markieff Morris
1212,Mickell Gladness
1213,Mychel Thompson
1214,Nikola Vucevic
1215,Nolan Smith
1216,Norris Cole
1217,Reggie Jackson
1218,Ricky Rubio
1219,Ryan Reid
1220,Shelvin Mack
1221,Terrel Harris
1222,Tobias Harris
1223,Travis Leslie
1224,Trey Thompkins
1225,Tristan Thompson
1226,Tyler Honeycutt
1227,Vernon Macklin
1228,Walker Russell
1229,Alexey Shved
1230,Andre Drummond
1231,Andrew Nicholson
1232,Anthony Davis
1233,Arnett Moultrie
1234,Aron Baynes
1235,Austin Rivers
1236,Ben Hansbrough
1237,Bernard James
1238,Bradley Beal
1239,Brian Roberts
1240,Chris Copeland
1241,Damian Lillard
1242,Darius JohnsonOdom
1243,Darius Miller
1244,DeQuan Jones
1245,Diante Garrett
1246,Dion Waiters
1247,Dionte Christmas
1248,Donatas Motiejunas
1249,Doron Lamb
1250,Draymond Green
1251,Evan Fournier
1252,Fab Melo
1253,Festus Ezeli
1254,Harrison Barnes
1255,Henry Sims
1256,Jae Crowder
1257,Jared Cunningham
1258,Jared Sullinger
1259,Jarvis Varnado
1260,Jeffery Taylor
1261,Jerel McNeal
1262,Jeremy Lamb
1263,Joel Freeland
1264,John Henson
1265,John Jenkins
1266,Jonas Valanciunas
1267,Josh Akognon
1268,Justin Dentmon
1269,Justin Holiday
1270,Kendall Marshall
1271,Kent Bazemore
1272,Kevin Jones
1273,Kevin Murphy
1274,Khris Middleton
1275,Kim English
1276,Kris Joseph
1277,Kyle OQuinn
1278,Kyle Singler
1279,Luke Zeller
1280,Maalik Wayns
1281,Marquis Teague
1282,Meyers Leonard
1283,Michael KiddGilchrist
1284,Micheal Eric
1285,Mike Scott
1286,Miles Plumlee
1287,Mirza Teletovic
1288,Moe Harkless
1289,Nando De Colo
1290,Orlando Johnson
1291,Pablo Prigioni
1292,Perry Jones
1293,Quincy Acy
1294,Quincy Miller
1295,Robert Sacre
1296,Royce White
1297,Scott Machado
1298,Terrence Jones
1299,Terrence Ross
1300,Thomas Robinson
1301,Tim Ohlbrecht
1302,Tony Wroten
1303,Tornike Shengelia
1304,Tyler Zeller
1305,Tyshawn Taylor
1306,Victor Claver
1307,Vyacheslav Kravtsov
1308,Will Barton
1309,Alex Len
1310,Allen Crabbe
1311,Andre Roberson
1312,Anthony Bennett
1313,Archie Goodwin
1314,Arinze Onuaku
1315,Ben McLemore
1316,Brandon Davies
1317,CJ McCollum
1318,Carrick Felix
1319,Casper Ware
1320,Chris Babb
1321,Chris Smith
1322,Christapher Johnson
1323,Cody Zeller
1324,DJ Stephens
1325,Dennis Schroeder
1326,Dewayne Dedmon
1327,Dwight Buycks
1328,Elias Harris
1329,Erik Murphy
1330,Gal Mekel
1331,Giannis Antetokounmpo
1332,Gigi Datome
1333,Glen Rice Jr
1334,Gorgui Dieng
1335,Hollis Thompson
1336,Ian Clark
1337,Isaiah Canaan
1338,Jamaal Franklin
1339,James Nunnally
1340,James Southerland
1341,Jeff Withey
1342,Jorge Gutierrez
1343,Justin Hamilton
1344,Kelly Olynyk
1345,Kentavious CaldwellPope
1346,Mason Plumlee
1347,Matthew Dellavedova
1348,Michael CarterWilliams
1349,Mike Muscala
1350,Miroslav Raduljica
1351,Nate Wolters
1352,Nemanja Nedovic
1353,Nerlens Noel
1354,Nick Calathes
1355,Ognjen Kuzmic
1356,Othyus Jeffers
1357,Otto Porter
1358,Pero Antic
1359,Peyton Siva
1360,Phil Pressey
1361,Ray McCallum
1362,Reggie Bullock
1363,Ricky Ledo
1364,Robbie Hummel
1365,Robert Covington
1366,Rudy Gobert
1367,Ryan Kelly
1368,Scotty Hopson
1369,Sergey Karasev
1370,Seth Curry
1371,Shabazz Muhammad
1372,Shane Edwards
1373,Shane Larkin
1374,Solomon Hill
1375,Steven Adams
1376,Tim Hardaway Jr
1377,Tony Mitchell
1378,Tony Snell
1379,Toure Murry
1380,Trey Burke
1381,Troy Daniels
1382,Vander Blue
1383,Victor Oladipo
1384,Vitor Faverani
1385,Willie Reed
1386,Aaron Gordon
1387,Adreian Payne
1388,Alex Kirk
1389,Andre Dawkins
1390,Andrew Wiggins
1391,Bojan Bogdanovic
1392,Bruno Caboclo
1393,Bryce Cotton
1394,CJ Wilcox
1395,Cameron Bairstow
1396,Cleanthony Early
1397,Clint Capela
1398,Cory Jefferson
1399,Damien Inglis
1400,Damjan Rudez
1401,Dante Exum
1402,David Stockton
1403,David Wear
1404,Devyn Marble
1405,Doug McDermott
1406,Drew Gordon
1407,Dwight Powell
1408,Elfrid Payton
1409,Elijah Millsap
1410,Eric Moreland
1411,Erick Green
1412,Furkan Aldemir
1413,Gary Harris
1414,Glenn Robinson III
1415,Grant Jerrett
1416,JaKarr Sampson
1417,JaMychal Green
1418,Jabari Brown
1419,Jabari Parker
1420,Jack Cooley
1421,James Ennis
1422,James Michael McAdoo
1423,James Young
1424,Jarell Eddie
1425,Jarnell Stokes
1426,Jerami Grant
1427,Joe Harris
1428,Joe Ingles
1429,Joel Embiid
1430,Joffrey Lauvergne
1431,Johnny OBryant
1432,Jordan Adams
1433,Jordan Clarkson
1434,Julius Randle
1435,Jusuf Nurkic
1436,KJ McDaniels
1437,Kalin Lucas
1438,Kostas Papanikolaou
1439,Kyle Anderson
1440,Langston Galloway
1441,Larry Drew II
1442,Lorenzo Brown
1443,Lucas Nogueira
1444,Marcus Smart
1445,Markel Brown
1446,Mitch McGary
1447,Nick Johnson
1448,Nik Stauskas
1449,Nikola Mirotic
1450,Noah Vonleh
1451,PJ Hairston
1452,Patric Young
1453,Rodney Hood
1454,Russ Smith
1455,Sean Kilpatrick
1456,Shabazz Napier
1457,Shayne Whittington
1458,Sim Bhullar
1459,Spencer Dinwiddie
1460,TJ Warren
1461,Tarik Black
1462,Tim Frazier
1463,Travis Wear
1464,Tyler Ennis
1465,Tyler Johnson
1466,Will Cherry
1467,Zach LaVine
1468,Zoran Dragic
1469,Aaron Harrison
1470,Alan Williams
1471,Alex Stepheson
1472,Anthony Brown
1473,Axel Toupane
1474,Boban Marjanovic
1475,Bobby Portis
1476,Branden Dawson
1477,Briante Weber
1478,Bryce DejeanJones
1479,Cameron Payne
1480,Chris McCullough
1481,Christian Wood
1482,Cliff Alexander
1483,Coty Clarke
1484,Cristiano Felicio
1485,DAngelo Russell
1486,Darrun Hilliard
1487,Delon Wright
1488,Devin Booker
1489,Duje Dukan
1490,Emmanuel Mudiay
1491,Frank Kaminsky
1492,JJ OBrien
1493,Jahlil Okafor
1494,Jarell Martin
1495,Jerian Grant
1496,John Holland
1497,Jonathan Holmes
1498,Jonathon Simmons
1499,Jordan McRae
1500,Jordan Mickey
1501,Joseph Young
1502,Josh Huestis
1503,Josh Richardson
1504,Justin Anderson
1505,Justise Winslow
1506,KarlAnthony Towns
1507,Keith Appling
1508,Kelly Oubre
1509,Kevon Looney
1510,Kristaps Porzingis
1511,Lamar Patterson
1512,Larry Nance Jr
1513,Luis Montero
1514,Marcelo Huertas
1515,Mario Hezonja
1516,Maurice Ndour
1517,Michael Frazier
1518,Montrezl Harrell
1519,Myles Turner
1520,Nemanja Bjelica
1521,Nikola Jokic
1522,Norman Powell
1523,Pat Connaughton
1524,Pierre Jackson
1525,RJ Hunter
1526,Rakeem Christmas
1527,Rashad Vaughn
1528,Raul Neto
1529,Richaun Holmes
1530,Rondae HollisJefferson
1531,Salah Mejri
1532,Sam Dekker
1533,Sasha Kaun
1534,Scottie Wilbekin
1535,Stanley Johnson
1536,TJ McConnell
1537,Terry Rozier
1538,Thanasis Antetokounmpo
1539,Tibor Pleiss
1540,Treveon Graham
1541,Trey Lyles
1542,Tyus Jones
1543,Walter Tavares
1544,Willie CauleyStein
1545,Xavier Munford
1546,AJ Hammons
1547,Alex Abrines
1548,Alex Caruso
1549,Alex Poythress
1550,Andrew Harrison
1551,Anthony Barber
1552,Beau Beech
1553,Ben Bentil
1554,Ben Simmons
1555,Brady Heslip
1556,Brandon Ingram
1557,Brandon Paul
1558,Brice Johnson
1559,Bryn Forbes
1560,Buddy Hield
1561,Caris LeVert
1562,Chasson Randle
1563,Cheick Diallo
1564,Chinanu Onuaku
1565,DJ Kennedy
1566,Damian Jones
1567,Damion Lee
1568,Daniel Ochefu
1569,Danuel House
1570,Dario Saric
1571,David Nwaba
1572,Davis Bertans
1573,DeAndre Bembry
1574,Dejounte Murray
1575,Demetrius Jackson
1576,Denzel Valentine
1577,Derrick Jones
1578,Deyonta Davis
1579,Diamond Stone
1580,Domantas Sabonis
1581,Dorian FinneySmith
1582,Dragan Bender
1583,EJ Singler
1584,Egidijus Mockevicius
1585,Elgin Cook
1586,Fred VanVleet
1587,Gary Payton II
1588,Georges Niang
1589,Georgios Papagiannis
1590,Henry Ellenson
1591,Isaiah Cousins
1592,Isaiah Taylor
1593,Isaiah Whitehead
1594,Ivica Zubac
1595,JP Tokoto
1596,Jake Layman
1597,Jakob Poeltl
1598,Jalen Jones
1599,Jamal Murray
1600,James Webb
1601,Jarrod Uthoff
1602,Jaylen Brown
1603,Joel Bolomboy
1604,Jonathan Gibson
1605,Juan Hernangomez
1606,Kaleb Tarczewski
1607,Kay Felder
1608,Keith Benson
1609,Kris Dunn
1610,Kyle Collinsworth
1611,Kyle Wiltjer
1612,Livio JeanCharles
1613,Malachi Richardson
1614,Malcolm Brogdon
1615,Malcolm Delaney
1616,Malik Beasley
1617,Marcus GeorgesHunt
1618,Marcus Paige
1619,Marquese Chriss
1620,Marshall Plumlee
1621,Matt Costello
1622,Michael Gbinije
1623,Mike Tobey
1624,Mindaugas Kuzminskas
1625,Nick Zeisloft
1626,Nicolas Brussino
1627,Nicolas Laprovittola
1628,Nikola Jovanovic
1629,Okaro White
1630,Pascal Siakam
1631,Patricio Garino
1632,Patrick McCaw
1633,Paul Zipser
1634,Prince Ibeh
1635,Quincy Ford
1636,Quinn Cook
1637,Rodney McGruder
1638,Ron Baker
1639,Ryan Arcidiacono
1640,Scott Wood
1641,Semaj Christon
1642,Shawn Long
1643,Sheldon Mac
1644,Skal Labissiere
1645,Stefan Jankovic
1646,Stephen Zimmerman
1647,Taurean Prince
1648,Thomas Walkup
1649,Thon Maker
1650,Tim Quarterman
1651,Timothe Luwawu
1652,Tomas Satoransky
1653,Troy Williams
1654,Tyler Ulis
1655,Wade Baldwin
1656,Wayne Selden
1657,Willy Hernangomez
1658,Yogi Ferrell
1659,Zach Auguste
1660,Aaron Jackson
1661,Abdel Nader
1662,Alec Peters
1663,Alfonzo McKinnie
1664,Amile Jefferson
1665,Andre Ingram
1666,Andrew White
1667,Ante Zizic
1668,Antonio Blakeney
1669,Antonius Cleveland
1670,Bam Adebayo
1671,Ben Moore
1672,Bogdan Bogdanovic
1673,Bronson Koenig
1674,CJ Fair
1675,CJ Williams
1676,Caleb Swanigan
1677,Cameron Oliver
1678,Cedi Osman
1679,Charles Cooke
1680,Chris Boucher
1681,DJ Wilson
1682,Dakari Johnson
1683,Damyean Dotson
1684,Daniel Hamilton
1685,Daniel Theis
1686,Davon Reed
1687,DeAaron Fox
1688,Dennis Smith
1689,Derrick Walton
1690,Derrick White
1691,Devin Robinson
1692,Dillon Brooks
1693,Donovan Mitchell
1694,Dwayne Bacon
1695,Edmond Sumner
1696,Eric Griffin
1697,Erik McCree
1698,Frank Jackson
1699,Frank Mason
1700,Frank Ntilikina
1701,Furkan Korkmaz
1702,Gian Clavell
1703,Guerschon Yabusele
1704,Harry Giles
1705,Ike Anigbogu
1706,Isaiah Hicks
1707,Ivan Rabb
1708,Jabari Bird
1709,Jacob Pullen
1710,Jacob Wiley
1711,Jameel Warney
1712,Jamel Artis
1713,Jamil Wilson
1714,Jarrett Allen
1715,Jawun Evans
1716,Jaylen Johnson
1717,Jaylen Morris
1718,Jayson Tatum
1719,John Collins
1720,Johnathan Motley
1721,Jonathan Isaac
1722,Jordan Bell
1723,Josh Gray
1724,Josh Hart
1725,Josh Jackson
1726,Josh Magette
1727,Justin Jackson
1728,Justin Patton
1729,Kadeem Allen
1730,Khem Birch
1731,Kobi Simmons
1732,Kyle Kuzma
1733,Landry Nnoko
1734,Lauri Markkanen
1735,London Perrantes
1736,Lonzo Ball
1737,Luke Kennard
1738,Luke Kornet
1739,Malcolm Miller
1740,Malik Monk
1741,Mangok Mathiang
1742,Marcus Thornton II
1743,Markelle Fultz
1744,Matt Williams
1745,Maxi Kleber
1746,Michael Young
1747,Milos Teodosic
1748,Milton Doyle
1749,Monte Morris
1750,Myke Henry
1751,Naz Long
1752,Nigel Hayes
1753,OG Anunoby
1754,Omari Johnson
1755,PJ Dozier
1756,Rade Zagorac
1757,Reggie Hearn
1758,Rodney Purvis
1759,Royce ONeale
1760,Semi Ojeleye
1761,Shaquille Harrison
1762,Sindarius Thornwell
1763,Sterling Brown
1764,TJ Leaf
1765,Terrance Ferguson
1766,Thomas Bryant
1767,Tony Bradley
1768,Torrey Craig
1769,Trey McKinneyJones
1770,Tyler Cavanaugh
1771,Tyler Dorsey
1772,Tyler Lydon
1773,Tyrone Wallace
1774,VJ Beachem
1775,Vince Hunter
1776,Walter Lemon Jr
1777,Wesley Iwundu
1778,Xavier Silas
1779,Yakuba Ouattara
1780,Zach Collins
1781,Zhou Qi
1782,Aaron Holiday
1783,Alize Johnson
1784,Allonzo Trier
1785,Anfernee Simons
1786,Angel Delgado
1787,BJ Johnson
1788,Billy Garrett
1789,Billy Preston
1790,Bonzie Colson
1791,Brad Wanamaker
1792,Brandon Goodwin
1793,Brandon Sampson
1794,Bruce Brown
1795,Cam Reynolds
1796,Chandler Hutchison
1797,Chimezie Metu
1798,Chris Chiozza
1799,Cody Demps
1800,Collin Sexton
1801,Dairis Bertans
1802,Daryl Macon
1803,DeAnthony Melton
1804,DeVaughn AkoonPurcell
1805,Deandre Ayton
1806,Deng Adel
1807,Deonte Burton
1808,Devonte Graham
1809,Donte DiVincenzo
1810,Donte Grantham
1811,Drew Eubanks
1812,Duncan Robinson
1813,Dusty Hannahs
1814,Dzanan Musa
1815,Elie Okobo
1816,Emanuel Terry
1817,Gary Clark
1818,Gary Trent Jr
1819,George King
1820,Grayson Allen
1821,Hamidou Diallo
1822,Haywood Highsmith
1823,Isaac Bonga
1824,Isaac Humphries
1825,Isaiah Briscoe
1826,Isaiah Hartenstein
1827,JP Macura
1828,Jacob Evans
1829,Jalen Brunson
1830,Jared Terrell
1831,Jaron Blossomgame
1832,Jarred Vanderbilt
1833,Jaylen Adams
1834,Jemerrio Jones
1835,Jerome Robinson
1836,Jevon Carter
1837,Joe Chealey
1838,Johnathan Williams
1839,Jonah Bolden
1840,Jordan Loyd
1841,Jordan Sibert
1842,Josh Okogie
1843,Julian Washburn
1844,Justin Bibbs
1845,Keenan Evans
1846,Keita BatesDiop
1847,Kendrick Nunn
1848,Kenrich Williams
1849,Kevin Huerter
1850,Kevin Knox
1851,Khyri Thomas
1852,Kostas Antetokounmpo
1853,Landry Shamet
1854,Lonnie Walker
1855,Luka Doncic
1856,Marcus Derrickson
1857,Marvin Bagley
1858,Melvin Frazier
1859,Michael Porter
1860,Mikal Bridges
1861,Miles Bridges
1862,Mitch Creek
1863,Mitchell Creek
1864,Mitchell Robinson
1865,Mo Bamba
1866,Moritz Wagner
1867,Omari Spellman
1868,Rawle Alkins
1869,Raymond Spalding
1870,Richard Solomon
1871,Robert Williams
1872,Rodions Kurucs
1873,Ryan Broekhoff
1874,Shai GilgeousAlexander
1875,Shake Milton
1876,Stephan Hicks
1877,Sviatoslav Mykhailiuk
1878,Tahjere McCall
1879,Tarik Phillip
1880,Theo Pinson
1881,Thomas Welsh
1882,Trae Young
1883,Trevon Bluiett
1884,Trevon Duval
1885,Troy Brown
1886,Troy Caupain
1887,Tyler Davis
1888,Vincent Edwards
1889,Wendell Carter
1890,Wenyen Gabriel
1891,Yante Maten
1892,Yuta Watanabe
1893,Zach Lofton
1894,Zhaire Smith
1895,Adam Mokoka
1896,Admiral Schofield
1897,Alen Smailagic
1898,Amir Coffey
1899,Anzejs Pasecniks
1900,Bol Bol
1901,Brandon Clarke
1902,Brian Bowen
1903,Bruno Fernando
1904,Caleb Martin
1905,Cam Reddish
1906,Cameron Johnson
1907,Carsen Edwards
1908,Charlie Brown
1909,Chris Clemons
1910,Chris Silva
1911,Coby White
1912,Cody Martin
1913,DaQuan Jeffries
1914,Daniel Gafford
1915,Darius Bazley
1916,Darius Garland
1917,DeAndre Hunter
1918,Dean Wade
1919,Devontae Cacok
1920,Dewan Hernandez
1921,Donta Hall
1922,Dylan Windler
1923,Eric Paschall
1924,Gabe Vincent
1925,Garrison Mathews
1926,Goga Bitadze
1927,Grant Williams
1928,Ignas Brazdeikis
1929,Isaiah Roby
1930,Ja Morant
1931,Jalen Lecque
1932,Jalen McDaniels
1933,Jared Harper
1934,Jarrell Brantley
1935,Jarrett Culver
1936,Javonte Green
1937,Jaxson Hayes
1938,Jaylen Hoard
1939,Jaylen Nowell
1940,Jeremiah Martin
1941,John Konchar
1942,Jontay Porter
1943,Jordan Bone
1944,Jordan McLaughlin
1945,Jordan Poole
1946,Josh Reaves
1947,Juan ToscanoAnderson
1948,Justin James
1949,Justin WrightForeman
1950,Juwan Morgan
1951,KZ Okpala
1952,Kelan Martin
1953,Keldon Johnson
1954,Kenny Wooten
1955,Kevin Hervey
1956,Kevin Porter
1957,Ky Bowman
1958,Kyle Alexander
1959,Kyle Guy
1960,Louis King
1961,Luguentz Dort
1962,Luka Samanic
1963,Malik Newman
1964,Marial Shayok
1965,Marko Guduric
1966,Matisse Thybulle
1967,Matt Mooney
1968,Matt Thomas
1969,Max Strus
1970,Mfiondu Kabengele
1971,Miye Oni
1972,Moses Brown
1973,Mychal Mulder
1974,Nassir Little
1975,Naz Reid
1976,Nickeil AlexanderWalker
1977,Nicolas Claxton
1978,Nicolo Melli
1979,Nigel WilliamsGoss
1980,Norvel Pelle
1981,Oshae Brissett
1982,PJ Washington
1983,Paul Watson
1984,Quinndary Weatherspoon
1985,RJ Barrett
1986,Rayjon Tucker
1987,Romeo Langford
1988,Rui Hachimura
1989,Sekou Doumbouya
1990,Tacko Fall
1991,Talen HortonTucker
1992,Tariq Owens
1993,Terance Mann
1994,Terence Davis
1995,Tremont Waters
1996,Ty Jerome
1997,Tyler Cook
1998,Tyler Herro
1999,Vic Law
2000,Vincent Poirier
2001,Vlatko Cancar
2002,William Howard
2003,Zion Williamson
2004,Zylan Cheatham
2005,Aaron Nesmith
2006,Aleksej Pokusevski
2007,Amida Brimah
2008,Anthony Edwards
2009,Anthony Gill
2010,Anthony Lamb
2011,Armoni Brooks
2012,Ashton Hagans
2013,Brodric Thomas
2014,CJ Elleby
2015,Caleb Homesley
2016,Cassius Stanley
2017,Cassius Winston
2018,Chuma Okeke
2019,Cole Anthony
2020,Dakota Mathias
2021,Daniel Oturu
2022,Deividas Sirvydis
2023,Deni Avdija
2024,Desmond Bane
2025,Devin Vassell
2026,Devon Dotson
2027,Didi Louzada
2028,Elijah Bryant
2029,Elijah Hughes
2030,Facundo Campazzo
2031,Freddie Gillespie
2032,Gabriel Deck
2033,Grant Riller
2034,Greg Whittington
2035,Immanuel Quickley
2036,Isaac Okoro
2037,Isaiah Joe
2038,Isaiah Stewart
2039,Jaden McDaniels
2040,JaeSean Tate
2041,Jahmius Ramsey
2042,Jalen Harris
2043,Jalen Smith
2044,James Wiseman
2045,Jay Scrubb
2046,Jordan Nwora
2047,Josh Green
2048,Josh Hall
2049,Justin Robinson
2050,KJ Martin
2051,Karim Mane
2052,Keljin Blevins
2053,Killian Hayes
2054,Killian Tillie
2055,Kira Lewis
2056,LaMelo Ball
2057,Lamar Stevens
2058,Luca Vildoza
2059,Malachi Flynn
2060,Malik Fitts
2061,Mamadi Diakite
2062,Markus Howard
2063,Marques Bolden
2064,Mason Jones
2065,Naji Marshall
2066,Nate Darling
2067,Nate Hinton
2068,Nathan Knight
2069,Nick Richards
2070,Nico Mannion
2071,Obi Toppin
2072,Onyeka Okongwu
2073,Patrick Williams
2074,Paul Reed
2075,Payton Pritchard
2076,Precious Achiuwa
2077,RJ Hampton
2078,Reggie Perry
2079,Robert Woodard
2080,Saben Lee
2081,Saddiq Bey
2082,Sam Merrill
2083,Sean McDermott
2084,Skylar Mays
2085,Theo Maledon
2086,Tre Jones
2087,Trent Forrest
2088,TyShon Alexander
2089,Tyler Bey
2090,Tyler Hall
2091,Tyrell Terry
2092,Tyrese Haliburton
2093,Tyrese Maxey
2094,Udoka Azubuike
2095,Vernon Carey
2096,Will Magnay
2097,Xavier Tillman
2098,Zeke Nnaji
2099,Aaron Henry
2100,Aaron Wiggins
2101,Ade Murkey
2102,Ahmad Caver
2103,Aleem Ford
2104,Alperen Sengun
2105,Aric Holman
2106,Arnoldas Kulboka
2107,Austin Reaves
2108,Ayo Dosunmu
2109,BJ Boston
2110,Bones Hyland
2111,Brandon Williams
2112,Braxton Key
2113,Cade Cunningham
2114,Cam Thomas
2115,Cameron McGriff
2116,Carlik Jones
2117,Charles Bassey
2118,Chaundee Brown
2119,Chris Duarte
2120,Corey Kispert
2121,Craig Sword
2122,DJ Stewart
2123,Daishen Nix
2124,Dalano Banton
2125,Daulton Hommes
2126,David Duke
2127,David Johnson
2128,Davion Mitchell
2129,DayRon Sharpe
2130,DeJon Jarreau
2131,Devin Cannady
2132,Duane Washington Jr
2133,Eugene Omoruyi
2134,Evan Mobley
2135,Feron Hunt
2136,Franz Wagner
2137,Gabriel Lundberg
2138,Georgios Kalaitzakis
2139,Greg Brown
2140,Hassani Gravett
2141,Herb Jones
2142,Isaiah Jackson
2143,Isaiah Livers
2144,Isaiah Todd
2145,Ishmail Wainright
2146,JT Thor
2147,JaVonte Smart
2148,JaQuori McLaughlin
2149,Jaden Springer
2150,Jaime Echenique
2151,Jalen Green
2152,Jalen Johnson
2153,Jalen Suggs
2154,James Bouknight
2155,Jamorko Pickett
2156,Jared Butler
2157,Jarron Cumberland
2158,Jason Preston
2159,Javin DeLaurier
2160,Jay Huff
2161,Jaysean Paige
2162,Jeff Dowtin
2163,Jeremiah RobinsonEarl
2164,Jericho Sims
2165,Jock Landale
2166,Joe Wieskamp
2167,Joel Ayayi
2168,Jon Teske
2169,Jonathan Kuminga
2170,Jordan Goodwin
2171,Jordan Schakel
2172,Jose Alvarado
2173,Josh Christopher
2174,Josh Giddey
2175,Josh Primo
2176,Justin Champagnie
2177,Justin Tillman
2178,Kai Jones
2179,Keifer Sykes
2180,Keon Johnson
2181,Kessler Edwards
2182,Kevin Pangos
2183,Leandro Bolmaro
2184,Lindell Wigginton
2185,Lindy Waters III
2186,Luka Garza
2187,MJ Walker
2188,Mac McClung
2189,Malcolm Hill
2190,Malik Ellison
2191,Marcus Garrett
2192,Marko Simonovic
2193,Matt Ryan
2194,McKinley Wright
2195,Micah Potter
2196,Miles McBride
2197,Moses Moody
2198,Moses Wright
2199,Myles Powell
2200,Neemias Queta
2201,Olivier Sarr
2202,Omer Yurtseven
2203,Paris Bass
2204,Petr Cornelie
2205,Quentin Grimes
2206,RJ Nembhard
2207,Rob Edwards
2208,Sam Hauser
2209,Sandro Mamukelashvili
2210,Santiago Aldama
2211,Scottie Barnes
2212,Scottie Lewis
2213,Sean Chris Smith
2214,Shaq Buchanan
2215,Sharife Cooper
2216,Terry Taylor
2217,Trayvon Palmer
2218,Tre Mann
2219,Tre Scott
2220,Trendon Watford
2221,Trevelin Queen
2222,Trey Murphy
2223,Usman Garuba
2224,Vit Krejci
2225,Xavier Moon
2226,Xavier Sneed
2227,Yves Pons
2228,Zavier Simpson
2229,Ziaire Williams
2230,AJ Green
2231,AJ Griffin
2232,AJ Lawson
2233,Alondes Williams
2234,Andrew Nembhard
2235,Bennedict Mathurin
2236,Blake Wesley
2237,Bryce McGowens
2238,Buddy Boeheim
2239,Caleb Houstan
2240,Chet Holmgren
2241,Chima Moneke
2242,Christian Braun
2243,Christian Koloko
2244,Cole Swider
2245,Collin Gillespie
2246,DJ Steward
2247,Dalen Terry
2248,Darius Days
2249,David Roddy
2250,Dereon Seabron
2251,Dominick Barlow
2252,Donovan Williams
2253,Dru Smith
2254,Dyson Daniels
2255,EJ Liddell
2256,Gabe York
2257,Ibou Badji
2258,Isaiah Mobley
2259,JD Davison
2260,Jabari Smith
2261,Jabari Walker
2262,Jack White
2263,Jacob Gilyard
2264,Jaden Hardy
2265,Jaden Ivey
2266,Jake LaRavia
2267,Jalen Duren
2268,Jalen Williams
2269,Jamal Cain
2270,Jamaree Bouyea
2271,Jared Rhoden
2272,Jaylin Williams
2273,Jeenathan Williams
2274,Jeremy Sochan
2275,John Butler
2276,Johnny Davis
2277,Johnny Juzang
2278,Jordan Hall
2279,Josh Minott
2280,Julian Champagnie
2281,Justin Lewis
2282,Justin Minaya
2283,Keaton Wallace
2284,Keegan Murray
2285,Kendall Brown
2286,Kennedy Chandler
2287,Kenneth Lofton
2288,Keon Ellis
2289,Kevon Harris
2290,Lester Quinones
2291,Malaki Branham
2292,MarJon Beauchamp
2293,Mark Williams
2294,Max Christie
2295,Michael Foster
2296,Moussa Diabate
2297,Nikola Jovic
2298,Ochai Agbaji
2299,Orlando Robinson
2300,Ousmane Dieng
2301,Paolo Banchero
2302,Patrick Baldwin
2303,Peyton Watson
2304,Quenton Jackson
2305,RaiQuan Gray
2306,Ron Harper Jr
2307,Ryan Rollins
2308,Scottie Pippen Jr
2309,Shaedon Sharpe
2310,Simone Fontecchio
2311,Stanley Umude
2312,Tari Eason
2313,Trevor Hudgins
2314,Trevor Keels
2315,TyTy Washington
2316,Tyrese Martin
2317,Vince Williams Jr
2318,Walker Kessler
2319,Wendell Moore
2320,Xavier Cooks
2321,Adam Flagler
2322,Adama Sanogo
2323,Alex Fudge
2324,Amari Bailey
2325,Amen Thompson
2326,Andre Jackson Jr
2327,Andrew Funk
2328,Anthony Black
2329,Ausar Thompson
2330,Ben Sheppard
2331,Bilal Coulibaly
2332,Brandin Podziemski
2333,Brandon Miller
2334,Brice Sensabaugh
2335,Cameron Whitmore
2336,Cason Wallace
2337,Charles Bediako
2338,Chris Livingston
2339,Colby Jones
2340,Colin Castleton
2341,Craig Porter
2342,DMoi Hodge
2343,DJ Carton
2344,Dariq Whitehead
2345,Dereck Lively
2346,Dexter Dennis
2347,Drew Peterson
2348,Duop Reath
2349,Emoni Bates
2350,Filip Petrusev
2351,GG Jackson
2352,Gradey Dick
2353,Gui Santos
2354,Henri Drell
2355,Hunter Tyson
2356,Isaiah Wong
2357,Izaiah Brockington
2358,Jacob Toppin
2359,Jaime Jaquez
2360,Jalen Crutcher
2361,Jalen HoodSchifino
2362,Jalen Pickett
2363,Jalen Slawson
2364,Jalen Wilson
2365,Jarace Walker
2366,Javon FreemanLiberty
2367,Jaylen Clark
2368,Jaylen Martin
2369,Jaylin Galloway
2370,Jermaine Samuels
2371,Jett Howard
2372,Jordan Ford
2373,Jordan Hawkins
2374,Jordan Miller
2375,Jordan Walsh
2376,Jules Bernard
2377,Julian Phillips
2378,Julian Strawther
2379,Kaiser Gates
2380,Keyontae Johnson
2381,Keyonte George
2382,Kobe Brown
2383,Kobe Bufkin
2384,Kris Murray
2385,Leaky Black
2386,Leonard Miller
2387,Malcolm Cazalon
2388,Malik Williams
2389,Maozinha Pereira
2390,Marcus Sasser
2391,Markquis Nowell
2392,Matthew Hurt
2393,Maxwell Lewis
2394,Miles Norris
2395,Mouhamadou Gueye
2396,Mouhamed Gueye
2397,Nate Williams
2398,Nathan Mensah
2399,Nick Smith
2400,Noah Clowney
2401,OlivierMaxence Prosper
2402,Omari Moore
2403,Onuralp Bitim
2404,Oscar Tshiebwe
2405,Pat Spencer
2406,Pete Nance
2407,Rayan Rupert
2408,Ricky Council
2409,Sasha Vezenkov
2410,Scoot Henderson
2411,Seth Lundy
2412,Sidy Cissoko
2413,SirJabari Rice
2414,Taevion Kinsey
2415,Taylor Hendricks
2416,Taze Moore
2417,Terquavion Smith
2418,Timmy Allen
2419,Tosan Evbuomwan
2420,Toumani Camara
2421,Trayce JacksonDavis
2422,Trey Jemison
2423,Tristan Vukcevic
2424,Vasilije Micic
2425,Victor Wembanyama
